Timestamp,Question,AI_Answer,User_Correction,Rating,Status
2026-01-15 17:02:50,사고 조사는 어떻게 진행돼?,"사고 조사 과정은 다음과 같이 진행됩니다.

1.  **초동 조치 및 현장 보존**: 사고 발생 시 즉시 현장 통제권을 확보하고, 사고 현장을 보존하여 증거를 훼손하지 않도록 합니다. 현장 사진 및 동영상 촬영, 증거물 확보 등을 진행합니다.

2.  **사고 조사팀 구성**: 사고의 성격에 따라 경찰, 소방, 철도청(또는 관련 기관) 등 전문가로 구성된 조사팀이 구성됩니다.

3.  **현장 조사**: 조사팀은 사고 현장을 면밀히 조사하여 사고 원인, 피해 상황 등을 파악합니다. 목격자 진술 확보, 블랙박스(열차 내/외부), CCTV 영상 분석 등 다양한 증거를 수집합니다.

4.  **원인 분석**: 수집된 증거를 바탕으로 사고 원인을 분석합니다. 기술적 결함, 인적 오류, 환경적 요인 등 다양한 가능성을 검토하고, 사고 발생의 직접적인 원인과 간접적인 원인을 규명합니다.

5.  **보고서 작성**: 조사 결과를 토대로 사고 조사 보고서를 작성합니다. 보고서에는 사고 경위, 원인 분석 결과, 재발 방지 대책 등이 포함됩니다.

6.  **결과 발표 및 재발 방지 대책 수립**: 사고 조사 보고서를 발표하고, 재발 방지 대책을 수립합니다. 대책에는 안전 관리 시스템 개선, 교육 훈련 강화, 시설 점검 강화 등이 포함될 수 있습니다.

이 과정은 사고의 종류와 규모에 따라 유연하게 진행될 수 있으며, 관련 법규 및 규정에 따라 진행됩니다.",안전관리규정 시행내규 제30조,Bad,Applied
2026-01-15 17:07:13,철도차량 운전면허의 유효기관과 갱신 절차를 알고 싶어. ,"철도차량 운전면허의 유효기관과 갱신 절차는 다음과 같습니다.

**1. 유효기관:**

*   **유효기간:** 철도차량 운전면허는 5년마다 갱신해야 하며, 갱신 시마다 유효기간이 다시 설정됩니다.
*   **갱신 시 유효기간:** 갱신 시에는 5년의 유효기간이 부여됩니다.
*   **특정 조건 하의 갱신:**
    *   **정기검사:** 최초 검사 또는 정기 검사를 받은 후 2년마다 정기 검사를 실시해야 합니다.
    *   **특별검사:**  사장의 판단에 따라 철도사고 등을 일으켰거나 질병 등으로 해당 업무를 수행하기 어려운 경우 특별 검사를 실시할 수 있습니다.
    *   **50세 이상:** 50세 이상의 운전자는 5년의 유효기간으로 갱신합니다.

**2. 갱신 절차:**

*   **갱신 요건 충족:** 갱신 시에는 운전경력 기간, 교육 훈련 이수, 신체검사 등 갱신 요건을 충족해야 합니다.
*   **교육 훈련 이수:** 갱신 시에는 관련 교육 훈련을 이수해야 합니다.
*   **신체검사:** 갱신 시에는 신체검사를 받아야 합니다.
*   **갱신 신청:** 갱신 요건을 충족하면 갱신 신청을 하고, 관련 서류를 제출합니다.
*   **검증 및 승인:** 기관에서는 제출된 서류를 검증하고, 갱신 요건을 충족하는지 확인합니다.
*   **면허 갱신:** 갱신 요건을 충족하면 운전면허를 갱신합니다.

**참고:**

*   **운전업무종사자 적성검사:** 운전업무종사자는 정기적으로 적성검사를 받아야 합니다. 적성검사는 운전자의 신체적, 정신적 능력을 평가하여 철도운행에 적합한지 확인합니다.
*   **음주 및 약물 검사:** 철도운전자는 음주 및 약물 검사를 정기적으로 받아야 합니다.

**주의:**

*   위 내용은 일반적인 내용이며, 실제 갱신 절차는 기관의 규정에 따라 다를 수 있습니다. 따라서 갱신 시에는 해당 기관의 규정을 확인하는 것이 중요합니다.

이 정보가 도움이 되었기를 바랍니다.",제64조(운전면허 갱신)  ①운전면허의 유효기간은 10년으로 한다.,Bad,Applied
2026-01-15 17:43:16,안전지표 산정에 대해 설명해줘. ,"안전지표 산정은 철도 안전 관리의 핵심적인 부분으로, 사고 발생 위험도를 평가하고 우선순위를 결정하는 데 중요한 역할을 합니다. 안전지표는 사고 발생 가능성과 심각성을 정량적으로 측정하여, 안전 관리 계획 수립 및 효과적인 위험 관리에 활용됩니다.

**1. 안전지표의 구성 요소:**

안전지표는 크게 빈도(Frequency)와 심각도(Severity)의 두 가지 주요 구성 요소로 이루어집니다.

*   **빈도 (Frequency):** 사고 또는 장애가 발생하는 가능성을 나타내는 지표입니다. 사고 발생 빈도가 높을수록 위험도가 높다고 평가됩니다.
*   **심각도 (Severity):** 사고 발생 시 인명 피해, 재산 피해, 환경 피해 등 피해 규모를 나타내는 지표입니다. 심각도가 높을수록 위험도가 높다고 평가됩니다.

**2. 안전지표 산정 방법:**

안전지표는 다양한 방법으로 산정될 수 있으며, 일반적으로 다음과 같은 방법을 사용합니다.

*   **정량적 방법:** 사고 발생 데이터, 시스템 분석 결과 등을 기반으로 수치화하여 안전지표를 산정합니다. 예를 들어, 열차 충돌 사고 발생 빈도, 신호 시스템 오류 발생 빈도 등을 측정하여 안전지표로 활용할 수 있습니다.
*   **준-정량적 방법 (Risk-Matrix):** 빈도와 심각도를 기준으로 위험도를 평가하는 표를 활용합니다. 빈도와 심각도에 따라 위험도 수준(예: 높음, 중간, 낮음)을 결정하고, 각 수준에 해당하는 안전대책을 수립합니다.
*   **정성적 방법:** 전문가의 판단, 현장 조사 결과 등을 기반으로 위험도를 평가합니다. 예를 들어, 시스템의 복잡성, 운영 환경, 유지보수 상태 등을 고려하여 위험도를 평가할 수 있습니다.

**3. 안전지표의 종류 (예시):**

안전지표는 다양한 종류가 있으며, 철도 시스템의 특성과 위험 요소를 고려하여 산정됩니다.

*   **사고 빈도 지표:** 열차 충돌 사고 빈도, 신호 시스템 오류 빈도, 선로 파손 사고 빈도 등
*   **심각도 지표:** 사망자 수, 중상자 수, 경상자 수, 재산 피해액, 환경 피해액 등
*   **시스템 관련 지표:** 신호 시스템 신뢰도, 열차 제어 시스템 신뢰도, 유지보수 상태 지표 등
*   **운영 관련 지표:** 열차 운행 밀도, 역사 혼잡도, 운행 환경 조건 등

**4. 안전지표의 활용:**

산정된 안전지표는 다음과 같은 목적으로 활용됩니다.

*   **위험 관리 우선순위 결정:** 안전지표를 기반으로 위험도를 평가하고, 위험도가 높은 항목에 대한 우선순위를 결정합니다.
*   **안전 관리 계획 수립:** 위험도 평가 결과를 바탕으로 안전 관리 대책, 안전 교육, 안전 점검 계획 등을 수립합니다.
*   **안전 성능 평가:** 안전지표를 주기적으로 측정하고 평가하여 안전 관리 시스템의 효과성을 검증합니다.

**5. 참고 자료:**

*   **한국철도공사 안전지표:** [https://www.korearail.co.kr/safety/index.jsp](https://www.korearail.co.kr/safety/index.jsp)
*   **철도 안전 관리 관련 법규 및 지침:** 철도안전법, 철도안전관리지침 등

이 정보가 안전지표 산정에 대한 이해를 돕는 데 도움이 되기를 바랍니다.","〔별표 1〕(제4조 관련) 안전목표 수립 기준
",Bad,Applied
2026-01-19 15:25:04,정밀안전진단은 사용기간이 얼마나 지난 차량이 적용대상이 돼?,4. 정밀안전진단은 사용기간이 10년 이상 지난 차량에 적용됩니다.,"철도안전법 시행규칙 제75조의13(정밀안전진단의 시행시기)
1. 2014년 3월 19일 이후 구매계약을 체결한 철도차량: 법 제26조의6제2항에 따른 철도차량 완성검사증명서를 발급받은 날부터 20년
2. 2014년 3월 18일까지 구매계약을 체결한 철도차량: 제75조제5항제2호에 따른 영업시운전을 시작한 날부터 20년",Bad,Applied
2026-01-19 16:41:13,정밀안전진단은 사용기간이 얼마나 된 차량이 대상이 돼?,"법 제38조의14제1항에 따르면, 정밀안전진단은 다음 각 호의 1에 해당하는 철도차량에 대해 실시해야 합니다.

*   **사용 기간이 10년이 된 차량**
*   **사용 기간이 10년 이상되었으나, 정기검사 결과에 따라 안전진단 결과가 부적합으로 판정된 차량**

또한, 법 제61조의3제1항에 따라 철도안전 자율보고의 접수된 차량에 대해서도 정밀안전진단을 실시할 수 있습니다.","철도안전법 시행규칙 제75조의13(정밀안전진단의 시행시기)
1. 2014년 3월 19일 이후 구매계약을 체결한 철도차량: 법 제26조의6제2항에 따른 철도차량 완성검사증명서를 발급받은 날부터 20년
2. 2014년 3월 18일까지 구매계약을 체결한 철도차량: 제75조제5항제2호에 따른 영업시운전을 시작한 날부터 20년",Bad,Applied
2026-01-19 17:50:19,정밀안전진단은 사용기간이 얼마나 지난 차량이 받게 되어 있어?,"제공된 텍스트를 바탕으로 정밀안전진단 대상 차량의 사용기간에 대한 정보를 정리하면 다음과 같습니다.

**정밀안전진단 대상 차량의 사용기간:**

*   **일반적인 경우:** 100분의 5 (즉, 차량의 총 사용 기간의 5%)를 초과한 경우
*   **특정 장치 개조 시:**
    *   주행장치 (주행장치틀, 차륜 및 차축), 제동장치 (제동제어장치 및 제어기), 추진장치 (인버터 및 컨버터), 보조전원장치, 차상신호장치, 차상통신장치, 종합제어장치 등 주요 장치의 개조 또는 변경 시
    *   법 제27조에 따라 국토교통부 형식승인을 받은 용품으로 변경 시
    *   철도차량 제작자와의 계약에 따른 성능개선을 위한 장치 또는 부품의 변경 시
    *   철도차량의 장치 또는 부품을 개조한 이후 개조 전의 장치 또는 부품과 비교하여 철도차량의 고장 또는 운행장애가 증가하여 개조 전의 장치 또는 부품으로 긴급히 교체하는 경우
    *   철도차량의 안전, 성능 등에 미치는 영향이 미미하다고 국토교통부장관으로부터 인정을 받은 경우
*   **도시철도차량:** 100분의 5

**추가 정보:**

*   운전면허시험 응시원서를 접수한 시점으로부터 10년 이내의 운전면허시험 응시원서 접수일 이전 신체검사 판정서 및 운전적성검사 판정서가 필요합니다.
*   철도차량 운전면허증의 사본이 필요할 수 있습니다.

**참고:**

*   제공된 텍스트는 여러 법률 및 규정의 일부이므로, 정확한 정보는 관련 법률을 확인해야 합니다.","제75조의13(정밀안전진단의 시행시기) 
1. 2014년 3월 19일 이후 구매계약을 체결한 철도차량: 법 제26조의6제2항에 따른 철도차량 완성검사증명서를 발급받은 날부터 20년
2. 2014년 3월 18일까지 구매계약을 체결한 철도차량: 제75조제5항제2호에 따른 영업시운전을 시작한 날부터 20년
",Bad,Applied
